{
  "id": "c1b9519c-39a8-407d-9c29-3e73f0ab03b4",
  "name": "room-facility",
  "isOverridable": true,
  "entries": [
    {
      "value": "air conditioning",
      "synonyms": [
        "air conditioning",
        "air conditioner",
        "air control"
      ]
    },
    {
      "value": "washing machine",
      "synonyms": [
        "washing machine",
        "laundry machine"
      ]
    },
    {
      "value": "terrace",
      "synonyms": [
        "terrace",
        "balcony",
        "veranda"
      ]
    },
    {
      "value": "TV",
      "synonyms": [
        "TV",
        "TV set"
      ]
    },
    {
      "value": "hair dryer",
      "synonyms": [
        "hair dryer"
      ]
    },
    {
      "value": "good view",
      "synonyms": [
        "good view",
        "good view from window"
      ]
    },
    {
      "value": "air condioner",
      "synonyms": [
        "air condioner"
      ]
    }
  ],
  "isEnum": false,
  "automatedExpansion": false
}