{
  "id": "f354744e-5272-4168-9b21-ec3e0d3a62ca",
  "name": "venue-facility",
  "isOverridable": true,
  "entries": [
    {
      "value": "beauty salon",
      "synonyms": [
        "beauty salon",
        "hair and nail salon"
      ]
    },
    {
      "value": "delivery",
      "synonyms": [
        "delivery",
        "deliver"
      ]
    },
    {
      "value": "indoor",
      "synonyms": [
        "indoor"
      ]
    },
    {
      "value": "internet",
      "synonyms": [
        "internet",
        "free internet",
        "acceess to internet"
      ]
    },
    {
      "value": "non-smoking room",
      "synonyms": [
        "non-smoking room",
        "nonsmoking room",
        "non smoking room"
      ]
    },
    {
      "value": "outdoor seating",
      "synonyms": [
        "outdoor seating",
        "outdoor seats"
      ]
    },
    {
      "value": "parking",
      "synonyms": [
        "parking",
        "available parking",
        "free parking",
        "parking lot"
      ]
    },
    {
      "value": "pet friendly",
      "synonyms": [
        "pet friendly",
        "dog friendly",
        "cat friendly"
      ]
    },
    {
      "value": "pool",
      "synonyms": [
        "pool",
        "swimming pool"
      ]
    },
    {
      "value": "quick serve",
      "synonyms": [
        "quick serve",
        "quick serving",
        "quick service"
      ]
    },
    {
      "value": "smoking room",
      "synonyms": [
        "smoking room"
      ]
    },
    {
      "value": "spa",
      "synonyms": [
        "spa"
      ]
    },
    {
      "value": "transfer",
      "synonyms": [
        "transfer",
        "transfer service",
        "transportation"
      ]
    },
    {
      "value": "wifi",
      "synonyms": [
        "wifi",
        "free wifi",
        "wifi connection",
        "access to wifi",
        "wi-fi",
        "free wi-fi",
        "wi-fi connection",
        "access to wi-fi"
      ]
    }
  ],
  "isEnum": false,
  "automatedExpansion": true
}